{
    "inputUnits": [34],
    "outputUnits": 2,
    "inputs": {
        "0": {
            "dtype": "number",
            "min": 266.9166416509606,
            "max": 304.64753147229146
        },
        "1": {
            "dtype": "number",
            "min": 70.00757774026476,
            "max": 181.6848149281068
        },
        "2": {
            "dtype": "number",
            "min": 285.5952281432393,
            "max": 320.7047323679646
        },
        "3": {
            "dtype": "number",
            "min": 55.4391052008603,
            "max": 164.26023906306997
        },
        "4": {
            "dtype": "number",
            "min": 251.63597611601716,
            "max": 286.2460095594829
        },
        "5": {
            "dtype": "number",
            "min": 57.99304056724222,
            "max": 161.97572047608372
        },
        "6": {
            "dtype": "number",
            "min": 311.7991709430858,
            "max": 343.42464580610107
        },
        "7": {
            "dtype": "number",
            "min": 70.57515363285049,
            "max": 180.06833325100314
        },
        "8": {
            "dtype": "number",
            "min": 234.6655202190236,
            "max": 267.7190247769486
        },
        "9": {
            "dtype": "number",
            "min": 75.30886193657665,
            "max": 173.46135477147678
        },
        "10": {
            "dtype": "number",
            "min": 334.4916365211576,
            "max": 377.1840100715133
        },
        "11": {
            "dtype": "number",
            "min": 172.41663476372509,
            "max": 271.4428176583019
        },
        "12": {
            "dtype": "number",
            "min": 212.37484943078186,
            "max": 247.90585707133846
        },
        "13": {
            "dtype": "number",
            "min": 168.5008358491534,
            "max": 270.42431248765047
        },
        "14": {
            "dtype": "number",
            "min": 378.02691745386977,
            "max": 472.9083109458597
        },
        "15": {
            "dtype": "number",
            "min": 174.31896877659898,
            "max": 347.8563325043318
        },
        "16": {
            "dtype": "number",
            "min": 128.10597935539275,
            "max": 185.65756949933123
        },
        "17": {
            "dtype": "number",
            "min": 178.86806621625732,
            "max": 344.59509586081896
        },
        "18": {
            "dtype": "number",
            "min": 323.12172025094236,
            "max": 557.4388213101992
        },
        "19": {
            "dtype": "number",
            "min": 87.99955494209021,
            "max": 408.4578850297149
        },
        "20": {
            "dtype": "number",
            "min": 42.28611571315662,
            "max": 226.5930270777602
        },
        "21": {
            "dtype": "number",
            "min": 90.89162626155155,
            "max": 393.671465625095
        },
        "22": {
            "dtype": "number",
            "min": 252.67003159578672,
            "max": 358.0547597714435
        },
        "23": {
            "dtype": "number",
            "min": 350.4667034223386,
            "max": 466.8280492404092
        },
        "24": {
            "dtype": "number",
            "min": 216.18720741123542,
            "max": 294.2404495417376
        },
        "25": {
            "dtype": "number",
            "min": 350.1004853601122,
            "max": 460.98669623586454
        },
        "26": {
            "dtype": "number",
            "min": 202.589653697923,
            "max": 374.47701183274563
        },
        "27": {
            "dtype": "number",
            "min": 484.1738933162467,
            "max": 590.4460909951058
        },
        "28": {
            "dtype": "number",
            "min": 149.78681037398164,
            "max": 313.112393984071
        },
        "29": {
            "dtype": "number",
            "min": 466.07572206727264,
            "max": 590.9027075860287
        },
        "30": {
            "dtype": "number",
            "min": 230.12933515852993,
            "max": 382.35931040248056
        },
        "31": {
            "dtype": "number",
            "min": 491.61962368145066,
            "max": 572.9332534255685
        },
        "32": {
            "dtype": "number",
            "min": 172.61627672247386,
            "max": 324.8075736079235
        },
        "33": {
            "dtype": "number",
            "min": 498.8473297000395,
            "max": 572.6647735476957
        }
    },
    "outputs": {
        "0": {
            "dtype": "string",
            "min": 0,
            "max": 1,
            "uniqueValues": ["sqaut", "jack"],
            "legend": {
                "sqaut": [1, 0],
                "jack": [0, 1]
            }
        }
    },
    "isNormalized": true
}