{"inputUnits":[34],"outputUnits":2,"inputs":{"0":{"dtype":"number","min":600.2300289168896,"max":901.5379244437014},"1":{"dtype":"number","min":301.8121432886977,"max":337.1609675188473},"2":{"dtype":"number","min":650.1320306800219,"max":927.5990835701909},"3":{"dtype":"number","min":250.38025614816388,"max":286.7524885481897},"4":{"dtype":"number","min":554.4947239026021,"max":855.2205340314932},"5":{"dtype":"number","min":240.2382413515321,"max":270.9101820177606},"6":{"dtype":"number","min":720.0086687139964,"max":954.0953268800728},"7":{"dtype":"number","min":272.8892591305744,"max":313.8918414282891},"8":{"dtype":"number","min":497.4985085572714,"max":727.576892422331},"9":{"dtype":"number","min":237.07073998358464,"max":303.580502758694},"10":{"dtype":"number","min":862.9583277127158,"max":1002.3103492825876},"11":{"dtype":"number","min":538.8237456681663,"max":634.818248229268},"12":{"dtype":"number","min":398.4182961116969,"max":571.2051866583323},"13":{"dtype":"number","min":500.14949813427165,"max":641.6686014257052},"14":{"dtype":"number","min":1061.1837162952943,"max":1253.6922564673516},"15":{"dtype":"number","min":652.3083899828247,"max":1009.8104573409382},"16":{"dtype":"number","min":116.41318948352384,"max":360.0142328284594},"17":{"dtype":"number","min":686.4957056899016,"max":979.0535905296238},"18":{"dtype":"number","min":569.4763896066391,"max":1061.501692834995},"19":{"dtype":"number","min":352.49761559156127,"max":954.058826016081},"20":{"dtype":"number","min":313.29991915810433,"max":540.7895241822714},"21":{"dtype":"number","min":324.6355749939203,"max":1014.9887666813595},"22":{"dtype":"number","min":782.9829519546449,"max":938.668744870197},"23":{"dtype":"number","min":956.6356281918775,"max":1022.4384993616245},"24":{"dtype":"number","min":426.4807888877067,"max":650.6884813123177},"25":{"dtype":"number","min":872.4215805113083,"max":1003.0962731031129},"26":{"dtype":"number","min":800.5987162905444,"max":903.968579481548},"27":{"dtype":"number","min":869.2069229541585,"max":985.8744912945342},"28":{"dtype":"number","min":453.20703409989056,"max":628.813343567607},"29":{"dtype":"number","min":869.7448207988814,"max":1002.3614608824021},"30":{"dtype":"number","min":609.3666759446437,"max":876.7287917823643},"31":{"dtype":"number","min":964.1186428441149,"max":1018.5958066710239},"32":{"dtype":"number","min":455.51441474647373,"max":628.2106469299079},"33":{"dtype":"number","min":878.1157141065783,"max":1019.2367589334569}},"outputs":{"0":{"dtype":"string","min":0,"max":1,"uniqueValues":["d","f"],"legend":{"d":[1,0],"f":[0,1]}}},"isNormalized":true}