{"inputUnits":[34],"outputUnits":3,"inputs":{"0":{"dtype":"number","min":219.77487170742643,"max":401.2111898340604},"1":{"dtype":"number","min":-2.997443648163909,"max":162.84094398587595},"2":{"dtype":"number","min":236.82280024665803,"max":416.34022634780825},"3":{"dtype":"number","min":-17.129243487050097,"max":147.9989125292589},"4":{"dtype":"number","min":202.69885556707123,"max":385.829111537117},"5":{"dtype":"number","min":-18.762866068442968,"max":146.98508533522312},"6":{"dtype":"number","min":262.8529815080101,"max":446.21821540802836},"7":{"dtype":"number","min":-3.5336728225886134,"max":169.33286555546266},"8":{"dtype":"number","min":176.25166718598007,"max":360.45363385389754},"9":{"dtype":"number","min":-4.398130424291708,"max":167.09937485275566},"10":{"dtype":"number","min":186.89629580724102,"max":475.91401274566056},"11":{"dtype":"number","min":101.59775314627919,"max":281.01408917616317},"12":{"dtype":"number","min":147.72502617149502,"max":457.7414011676952},"13":{"dtype":"number","min":107.74939748563656,"max":284.15683790867433},"14":{"dtype":"number","min":110.86791042223979,"max":571.9991768566088},"15":{"dtype":"number","min":126.31537470836119,"max":351.9099194715923},"16":{"dtype":"number","min":75.98332089672756,"max":544.3321495204584},"17":{"dtype":"number","min":128.43557632386916,"max":355.1167790156858},"18":{"dtype":"number","min":107.40319396735165,"max":647.0456371975316},"19":{"dtype":"number","min":26.296357032389963,"max":383.67324769728845},"20":{"dtype":"number","min":40.28017140548053,"max":606.4844230919033},"21":{"dtype":"number","min":68.2375801769212,"max":398.12876150301923},"22":{"dtype":"number","min":223.61564665916828,"max":458.7914219718963},"23":{"dtype":"number","min":340.38876900877005,"max":543.1190722276265},"24":{"dtype":"number","min":183.7297954633542,"max":435.5745474373784},"25":{"dtype":"number","min":344.23747971827885,"max":522.8864208176906},"26":{"dtype":"number","min":196.78990226775292,"max":588.0163859207806},"27":{"dtype":"number","min":491.30523325404306,"max":601.1612829067363},"28":{"dtype":"number","min":103.0731878020884,"max":448.53451264971426},"29":{"dtype":"number","min":487.06590585671506,"max":600.0921987095695},"30":{"dtype":"number","min":213.2889779532466,"max":591.6341652480545},"31":{"dtype":"number","min":472.832140495805,"max":589.2869170073869},"32":{"dtype":"number","min":129.93334937188413,"max":466.20393270648407},"33":{"dtype":"number","min":477.38579063563964,"max":585.9234619140625}},"outputs":{"0":{"dtype":"string","min":0,"max":1,"uniqueValues":["start","sqaut","jack"],"legend":{"start":[1,0,0],"sqaut":[0,1,0],"jack":[0,0,1]}}},"isNormalized":true}